commitment_debt_end,deferred,deferred_ratio,delivered,delivered_ratio,downgraded,downgraded_ratio,false_commitment_exposure,generated,policy_config_id,policy_name,regime,rejected,rejected_ratio,resource_reservation_waste,split,true_progress,verifier_queue_end
9.27505,0,0.0,72,1.0,39,0.5416666666666666,31.895000000000003,72,clpd_cfg000,commitment_lattice_primal_dual,feasible,0,0.0,0.8747500000000001,test_id,23.295880000000004,3.25
12.0715,0,0.0,288,1.0,181,0.6284722222222222,130.10316,288,clpd_cfg000,commitment_lattice_primal_dual,feasible,0,0.0,2.3247600000000004,test_ood_template,76.08115999999998,4.0
4.0124,0,0.0,168,1.0,103,0.6130952380952381,68.63781999999998,168,clpd_cfg000,commitment_lattice_primal_dual,feasible,0,0.0,13.41033,train,51.14856999999999,0.5
3.901875,0,0.0,48,1.0,35,0.7291666666666666,20.16428,48,clpd_cfg000,commitment_lattice_primal_dual,feasible,0,0.0,0.8734899999999999,validation,12.692095,1.75
9.07731821,0,0.0,72,1.0,49,0.6805555555555556,29.218182499999994,72,clpd_cfg000,commitment_lattice_primal_dual,high_fanout_feasible,0,0.0,1.0934375,test_id,23.2412598,2.5
11.88479124,0,0.0,288,1.0,222,0.7708333333333334,110.31871469999997,288,clpd_cfg000,commitment_lattice_primal_dual,high_fanout_feasible,0,0.0,1.78095,test_ood_template,73.42665120000001,3.25
11.05954267,0,0.0,168,1.0,129,0.7678571428571429,64.37272685000002,168,clpd_cfg000,commitment_lattice_primal_dual,high_fanout_feasible,0,0.0,3.8129250000000003,train,47.557621800000014,0.5
7.81593542,0,0.0,48,1.0,43,0.8958333333333334,18.762533899999998,48,clpd_cfg000,commitment_lattice_primal_dual,high_fanout_feasible,0,0.0,1.0918625,validation,12.017592,1.75
8.22102499,0,0.0,72,1.0,52,0.7222222222222222,25.052657500000002,72,clpd_cfg000,commitment_lattice_primal_dual,network_delay_high,0,0.0,0.962225,test_id,18.768367999999995,2.5
12.2871198,0,0.0,288,1.0,220,0.7638888888888888,98.22843570000002,288,clpd_cfg000,commitment_lattice_primal_dual,network_delay_high,0,0.0,1.567236,test_ood_template,62.55757120000001,3.25
12.95635181,0,0.0,167,0.9940476190476191,128,0.7619047619047619,57.014745950000005,168,clpd_cfg000,commitment_lattice_primal_dual,network_delay_high,1,0.005952380952380952,7.2761700000000005,train,41.1424506,0.5
8.67858737,0,0.0,48,1.0,44,0.9166666666666666,17.4160543,48,clpd_cfg000,commitment_lattice_primal_dual,network_delay_high,0,0.0,0.960839,validation,9.908491999999999,1.0
41.303221,113,0.19618055555555555,461,0.8003472222222222,423,0.734375,132.89878000000004,576,clpd_cfg000,commitment_lattice_primal_dual,verifier_scarce,2,0.003472222222222222,5.8188275,test_ood_network,102.25800475000001,1.0
7.321525,0,0.0,57,0.7916666666666666,35,0.4861111111111111,23.168940000000006,72,clpd_cfg001,commitment_lattice_primal_dual,feasible,15,0.20833333333333334,0.8747500000000001,test_id,20.678585,2.5
9.038875,0,0.0,222,0.7708333333333334,147,0.5104166666666666,101.28953999999997,288,clpd_cfg001,commitment_lattice_primal_dual,feasible,66,0.22916666666666666,2.3247600000000004,test_ood_template,68.856005,3.25
3.279325,0,0.0,130,0.7738095238095238,80,0.47619047619047616,61.09427999999998,168,clpd_cfg001,commitment_lattice_primal_dual,feasible,38,0.2261904761904762,13.41033,train,46.25941499999999,0.5
3.901875,0,0.0,39,0.8125,29,0.6041666666666666,18.887439999999998,48,clpd_cfg001,commitment_lattice_primal_dual,feasible,9,0.1875,0.8734899999999999,validation,11.531424999999999,1.75
9.07731821,0,0.0,56,0.7777777777777778,39,0.5416666666666666,27.063478099999994,72,clpd_cfg001,commitment_lattice_primal_dual,high_fanout_feasible,16,0.2222222222222222,1.0934375,test_id,21.038021999999998,2.5
5.20817335,0,0.0,222,0.7708333333333334,174,0.6041666666666666,104.78374534999999,288,clpd_cfg001,commitment_lattice_primal_dual,high_fanout_feasible,66,0.22916666666666666,1.78095,test_ood_template,68.00133600000001,1.75
7.0073085,0,0.0,130,0.7738095238095238,95,0.5654761904761905,58.265840700000005,168,clpd_cfg001,commitment_lattice_primal_dual,high_fanout_feasible,38,0.2261904761904762,5.481412499999999,train,45.29043720000001,0.5
4.07399288,0,0.0,37,0.7708333333333334,32,0.6666666666666666,18.721240799999993,48,clpd_cfg001,commitment_lattice_primal_dual,high_fanout_feasible,11,0.22916666666666666,1.0918625,validation,11.4606144,1.75
7.40656094,0,0.0,54,0.75,38,0.5277777777777778,22.659946100000003,72,clpd_cfg001,commitment_lattice_primal_dual,network_delay_high,18,0.25,0.962225,test_id,17.461185999999998,2.25
7.94708092,0,0.0,214,0.7430555555555556,165,0.5729166666666666,87.29386585000002,288,clpd_cfg001,commitment_lattice_primal_dual,network_delay_high,74,0.2569444444444444,1.567236,test_ood_template,58.0033734,2.25
6.44582259,0,0.0,122,0.7261904761904762,88,0.5238095238095238,51.168192650000016,168,clpd_cfg001,commitment_lattice_primal_dual,network_delay_high,46,0.27380952380952384,8.392439,train,37.9186556,0.25
2.36965402,0,0.0,37,0.7708333333333334,33,0.6875,16.0522248,48,clpd_cfg001,commitment_lattice_primal_dual,network_delay_high,11,0.22916666666666666,0.960839,validation,9.6453766,1.0
22.84522994,0,0.0,370,0.6423611111111112,321,0.5572916666666666,124.05400000000003,576,clpd_cfg001,commitment_lattice_primal_dual,verifier_scarce,206,0.3576388888888889,6.042215000000001,test_ood_network,98.621704,1.5
7.321525,0,0.0,71,0.9861111111111112,48,0.6666666666666666,23.608600000000003,72,clpd_cfg002,commitment_lattice_primal_dual,feasible,1,0.013888888888888888,0.8747500000000001,test_id,21.675545000000003,2.5
12.0715,0,0.0,274,0.9513888888888888,189,0.65625,100.24091999999999,288,clpd_cfg002,commitment_lattice_primal_dual,feasible,14,0.04861111111111111,2.3247600000000004,test_ood_template,71.61826999999998,4.0
4.453275,0,0.0,159,0.9464285714285714,106,0.6309523809523809,58.012659999999975,168,clpd_cfg002,commitment_lattice_primal_dual,feasible,9,0.05357142857142857,7.94949,train,48.500395,0.5
3.901875,0,0.0,45,0.9375,37,0.7708333333333334,19.15546,48,clpd_cfg002,commitment_lattice_primal_dual,feasible,3,0.0625,0.8734899999999999,validation,11.494974999999998,1.75
9.07731821,0,0.0,71,0.9861111111111112,53,0.7361111111111112,28.979556499999994,72,clpd_cfg002,commitment_lattice_primal_dual,high_fanout_feasible,1,0.013888888888888888,1.0934375,test_id,21.0428658,2.5
11.20651021,0,0.0,273,0.9479166666666666,213,0.7395833333333334,104.86630699999996,288,clpd_cfg002,commitment_lattice_primal_dual,high_fanout_feasible,15,0.052083333333333336,1.78095,test_ood_template,71.40843900000002,3.25
7.13510217,0,0.0,158,0.9404761904761905,124,0.7380952380952381,59.73734315,168,clpd_cfg002,commitment_lattice_primal_dual,high_fanout_feasible,10,0.05952380952380952,5.481412499999999,train,46.5657282,0.5
4.8375934,0,0.0,46,0.9583333333333334,42,0.875,15.719684150000003,48,clpd_cfg002,commitment_lattice_primal_dual,high_fanout_feasible,2,0.041666666666666664,1.0918625,validation,12.241179,1.75
7.76575853,0,0.0,68,0.9444444444444444,50,0.6944444444444444,23.7295387,72,clpd_cfg002,commitment_lattice_primal_dual,network_delay_high,4,0.05555555555555555,0.962225,test_id,17.960180199999993,2.5
9.58730874,0,0.0,264,0.9166666666666666,207,0.71875,89.85478780000004,288,clpd_cfg002,commitment_lattice_primal_dual,network_delay_high,24,0.08333333333333333,1.567236,test_ood_template,61.248806800000004,3.25
9.33979478,0,0.0,152,0.9047619047619048,119,0.7083333333333334,50.96442865000003,168,clpd_cfg002,commitment_lattice_primal_dual,network_delay_high,16,0.09523809523809523,4.823643000000001,train,39.8490226,0.5
5.06203034,0,0.0,44,0.9166666666666666,41,0.8541666666666666,13.4250164,48,clpd_cfg002,commitment_lattice_primal_dual,network_delay_high,4,0.08333333333333333,0.960839,validation,10.023308,1.0
28.19656038,66,0.11458333333333333,422,0.7326388888888888,385,0.6684027777777778,128.47856000000002,576,clpd_cfg002,commitment_lattice_primal_dual,verifier_scarce,88,0.1527777777777778,5.8188275,test_ood_network,103.546618,1.0
4.798075,0,0.0,70,0.9722222222222222,58,0.8055555555555556,20.90628000000001,72,clpd_cfg003,commitment_lattice_primal_dual,feasible,2,0.027777777777777776,0.8747500000000001,test_id,18.459800000000005,1.75
4.200775,0,0.0,279,0.96875,249,0.8645833333333334,77.34199999999996,288,clpd_cfg003,commitment_lattice_primal_dual,feasible,9,0.03125,1.42476,test_ood_template,62.77666000000002,1.75
3.279325,0,0.0,164,0.9761904761904762,141,0.8392857142857143,44.81602,168,clpd_cfg003,commitment_lattice_primal_dual,feasible,4,0.023809523809523808,3.05034,train,40.883304999999986,0.5
2.2341,0,0.0,46,0.9583333333333334,43,0.8958333333333334,14.68588,48,clpd_cfg003,commitment_lattice_primal_dual,feasible,2,0.041666666666666664,0.8734899999999999,validation,11.06683,1.0
5.94871336,0,0.0,70,0.9722222222222222,62,0.8611111111111112,22.383560699999997,72,clpd_cfg003,commitment_lattice_primal_dual,high_fanout_feasible,2,0.027777777777777776,1.0934375,test_id,18.3803634,1.75
5.20817335,0,0.0,280,0.9722222222222222,254,0.8819444444444444,95.00793534999998,288,clpd_cfg003,commitment_lattice_primal_dual,high_fanout_feasible,8,0.027777777777777776,1.78095,test_ood_template,65.51687700000001,1.75
4.06574813,0,0.0,163,0.9702380952380952,145,0.8630952380952381,51.98376575000001,168,clpd_cfg003,commitment_lattice_primal_dual,high_fanout_feasible,5,0.02976190476190476,3.8129250000000003,train,42.75041220000001,0.5
2.76986511,0,0.0,46,0.9583333333333334,45,0.9375,14.6963665,48,clpd_cfg003,commitment_lattice_primal_dual,high_fanout_feasible,2,0.041666666666666664,1.0918625,validation,11.631708000000001,1.0
5.0891982,0,0.0,69,0.9583333333333334,62,0.8611111111111112,18.092685499999998,72,clpd_cfg003,commitment_lattice_primal_dual,network_delay_high,3,0.041666666666666664,0.962225,test_id,15.579422599999997,1.75
4.45565702,0,0.0,271,0.9409722222222222,246,0.8541666666666666,81.22182494999998,288,clpd_cfg003,commitment_lattice_primal_dual,network_delay_high,17,0.059027777777777776,1.567236,test_ood_template,55.10102639999999,1.75
3.47829804,0,0.0,161,0.9583333333333334,143,0.8511904761904762,42.932801150000024,168,clpd_cfg003,commitment_lattice_primal_dual,network_delay_high,7,0.041666666666666664,3.3553739999999994,train,36.61719140000001,0.5
2.36965402,0,0.0,45,0.9375,44,0.9166666666666666,12.490501650000002,48,clpd_cfg003,commitment_lattice_primal_dual,network_delay_high,3,0.0625,0.960839,validation,9.908491999999999,1.0
24.77113425,4,0.006944444444444444,466,0.8090277777777778,445,0.7725694444444444,124.72036000000003,576,clpd_cfg003,commitment_lattice_primal_dual,verifier_scarce,106,0.1840277777777778,5.8188275,test_ood_network,106.5224075,1.0
8.337475,0,0.0,61,0.8472222222222222,33,0.4583333333333333,23.691740000000003,72,clpd_cfg004,commitment_lattice_primal_dual,feasible,11,0.1527777777777778,0.8747500000000001,test_id,21.424110000000002,3.25
12.0715,0,0.0,236,0.8194444444444444,158,0.5486111111111112,88.66117999999997,288,clpd_cfg004,commitment_lattice_primal_dual,feasible,52,0.18055555555555555,1.42476,test_ood_template,69.60296,4.0
5.28855,1,0.005952380952380952,139,0.8273809523809523,84,0.5,53.10311999999999,168,clpd_cfg004,commitment_lattice_primal_dual,feasible,28,0.16666666666666666,7.94949,train,47.48987499999999,0.5
3.901875,0,0.0,39,0.8125,31,0.6458333333333334,17.227619999999998,48,clpd_cfg004,commitment_lattice_primal_dual,feasible,9,0.1875,0.8734899999999999,validation,11.098605,1.75
11.49932293,0,0.0,61,0.8472222222222222,41,0.5694444444444444,24.026274849999997,72,clpd_cfg004,commitment_lattice_primal_dual,high_fanout_feasible,11,0.1527777777777778,1.0934375,test_id,20.405358,3.25
6.64610789,3,0.010416666666666666,228,0.7916666666666666,173,0.6006944444444444,91.06245575,288,clpd_cfg004,commitment_lattice_primal_dual,high_fanout_feasible,57,0.19791666666666666,1.78095,test_ood_template,68.271012,2.5
9.83656062,4,0.023809523809523808,130,0.7738095238095238,93,0.5535714285714286,49.37810240000001,168,clpd_cfg004,commitment_lattice_primal_dual,high_fanout_feasible,34,0.20238095238095238,3.4129250000000004,train,46.1781756,0.5
6.10452924,0,0.0,39,0.8125,34,0.7083333333333334,15.694250349999997,48,clpd_cfg004,commitment_lattice_primal_dual,high_fanout_feasible,9,0.1875,1.0918625,validation,11.806074,1.75
6.16679097,0,0.0,60,0.8333333333333334,40,0.5555555555555556,22.86255235,72,clpd_cfg004,commitment_lattice_primal_dual,network_delay_high,12,0.16666666666666666,0.962225,test_id,17.0244942,2.5
8.90245741,3,0.010416666666666666,218,0.7569444444444444,167,0.5798611111111112,76.10743275,288,clpd_cfg004,commitment_lattice_primal_dual,network_delay_high,67,0.2326388888888889,1.567236,test_ood_template,59.08218380000001,3.25
9.76854613,2,0.011904761904761904,126,0.75,92,0.5476190476190477,42.11963965000001,168,clpd_cfg004,commitment_lattice_primal_dual,network_delay_high,40,0.23809523809523808,3.0033739999999995,train,38.6143182,0.25
6.18862629,0,0.0,39,0.8125,33,0.6875,13.722221350000002,48,clpd_cfg004,commitment_lattice_primal_dual,network_delay_high,9,0.1875,0.960839,validation,9.7627456,1.75
23.68089874,2,0.003472222222222222,376,0.6527777777777778,328,0.5694444444444444,118.55256,576,clpd_cfg004,commitment_lattice_primal_dual,verifier_scarce,198,0.34375,5.4872250000000005,test_ood_network,101.3686575,1.5
4.798075,0,0.0,63,0.875,53,0.7361111111111112,17.945179999999997,72,clpd_cfg005,commitment_lattice_primal_dual,feasible,9,0.125,0.8747500000000001,test_id,18.278520000000004,1.75
4.200775,0,0.0,237,0.8229166666666666,205,0.7118055555555556,76.13279999999996,288,clpd_cfg005,commitment_lattice_primal_dual,feasible,51,0.17708333333333334,1.42476,test_ood_template,61.056775000000016,1.75
3.279325,0,0.0,142,0.8452380952380952,120,0.7142857142857143,41.38960000000001,168,clpd_cfg005,commitment_lattice_primal_dual,feasible,26,0.15476190476190477,2.73034,train,40.27342499999998,0.5
2.2341,0,0.0,42,0.875,41,0.8541666666666666,11.80278,48,clpd_cfg005,commitment_lattice_primal_dual,feasible,6,0.125,0.8734899999999999,validation,10.598169999999998,1.0
5.94871336,0,0.0,63,0.875,56,0.7777777777777778,20.745118249999997,72,clpd_cfg005,commitment_lattice_primal_dual,high_fanout_feasible,9,0.125,1.0934375,test_id,18.184581,1.75
5.20817335,0,0.0,240,0.8333333333333334,217,0.7534722222222222,86.06088425000002,288,clpd_cfg005,commitment_lattice_primal_dual,high_fanout_feasible,48,0.16666666666666666,1.78095,test_ood_template,63.087179400000004,1.75
4.06574813,0,0.0,143,0.8511904761904762,126,0.75,47.2310085,168,clpd_cfg005,commitment_lattice_primal_dual,high_fanout_feasible,25,0.1488095238095238,3.4129250000000004,train,41.7409362,0.5
2.76986511,0,0.0,42,0.875,41,0.8541666666666666,14.48791245,48,clpd_cfg005,commitment_lattice_primal_dual,high_fanout_feasible,6,0.125,1.0918625,validation,11.446023600000004,1.0
5.0891982,0,0.0,61,0.8472222222222222,54,0.75,17.73262525,72,clpd_cfg005,commitment_lattice_primal_dual,network_delay_high,11,0.1527777777777778,0.962225,test_id,15.377477999999996,1.75
4.45565702,0,0.0,225,0.78125,202,0.7013888888888888,72.73924329999998,288,clpd_cfg005,commitment_lattice_primal_dual,network_delay_high,63,0.21875,1.567236,test_ood_template,52.96368239999998,1.75
3.47829804,0,0.0,134,0.7976190476190477,117,0.6964285714285714,37.93437340000002,168,clpd_cfg005,commitment_lattice_primal_dual,network_delay_high,34,0.20238095238095238,3.0033739999999995,train,35.293293000000006,0.5
2.36965402,0,0.0,39,0.8125,38,0.7916666666666666,11.476544200000001,48,clpd_cfg005,commitment_lattice_primal_dual,network_delay_high,9,0.1875,0.727716,validation,9.6351002,1.0
17.24681238,0,0.0,408,0.7083333333333334,377,0.6545138888888888,117.25095999999998,576,clpd_cfg005,commitment_lattice_primal_dual,verifier_scarce,168,0.2916666666666667,6.1771215,test_ood_network,106.04522249999997,1.0
8.2591,0,0.0,72,1.0,49,0.6805555555555556,27.307640000000006,72,clpd_cfg006,commitment_lattice_primal_dual,feasible,0,0.0,0.8747500000000001,test_id,22.18384,2.5
10.9117,0,0.0,288,1.0,216,0.75,102.14787999999997,288,clpd_cfg006,commitment_lattice_primal_dual,feasible,0,0.0,2.3247600000000004,test_ood_template,73.24552999999999,3.25
5.346175,0,0.0,168,1.0,119,0.7083333333333334,68.9763,168,clpd_cfg006,commitment_lattice_primal_dual,feasible,0,0.0,9.957390000000002,train,48.14747499999998,0.5
3.901875,0,0.0,48,1.0,40,0.8333333333333334,19.2606,48,clpd_cfg006,commitment_lattice_primal_dual,feasible,0,0.0,0.8734899999999999,validation,11.594949999999999,1.75
9.07731821,0,0.0,72,1.0,57,0.7916666666666666,27.01457449999999,72,clpd_cfg006,commitment_lattice_primal_dual,high_fanout_feasible,0,0.0,1.0934375,test_id,20.948554800000004,2.5
10.4468567,0,0.0,288,1.0,240,0.8333333333333334,106.81209089999996,288,clpd_cfg006,commitment_lattice_primal_dual,high_fanout_feasible,0,0.0,1.78095,test_ood_template,72.41227200000003,2.5
9.22155163,0,0.0,167,0.9940476190476191,133,0.7916666666666666,62.49131305000002,168,clpd_cfg006,commitment_lattice_primal_dual,high_fanout_feasible,1,0.005952380952380952,5.481412499999999,train,47.377953000000005,0.5
3.91021609,0,0.0,48,1.0,44,0.9166666666666666,19.1792947,48,clpd_cfg006,commitment_lattice_primal_dual,high_fanout_feasible,0,0.0,1.0918625,validation,11.952176400000003,1.0
7.76575853,0,0.0,72,1.0,57,0.7916666666666666,23.1632095,72,clpd_cfg006,commitment_lattice_primal_dual,network_delay_high,0,0.0,0.962225,test_id,17.845065199999993,2.5
9.07049028,0,0.0,287,0.9965277777777778,239,0.8298611111111112,91.58429790000004,288,clpd_cfg006,commitment_lattice_primal_dual,network_delay_high,1,0.003472222222222222,1.567236,test_ood_template,62.0560516,2.5
6.53247974,0,0.0,165,0.9821428571428571,134,0.7976190476190477,49.36418660000002,168,clpd_cfg006,commitment_lattice_primal_dual,network_delay_high,3,0.017857142857142856,3.3553739999999994,train,39.678427,0.5
2.36965402,0,0.0,48,1.0,44,0.9166666666666666,16.444975700000004,48,clpd_cfg006,commitment_lattice_primal_dual,network_delay_high,0,0.0,0.960839,validation,10.1814836,1.0
37.42014944,102,0.17708333333333334,468,0.8125,438,0.7604166666666666,129.77024000000006,576,clpd_cfg006,commitment_lattice_primal_dual,verifier_scarce,6,0.010416666666666666,6.1771215,test_ood_network,105.43992999999998,1.0
6.982875,0,0.0,54,0.75,40,0.5555555555555556,20.47332,72,clpd_cfg007,commitment_lattice_primal_dual,feasible,18,0.25,0.8747500000000001,test_id,18.743975000000002,2.25
3.814175,0,0.0,217,0.7534722222222222,172,0.5972222222222222,87.11097999999997,288,clpd_cfg007,commitment_lattice_primal_dual,feasible,71,0.2465277777777778,1.42476,test_ood_template,62.097830000000016,1.5
2.826275,0,0.0,124,0.7380952380952381,93,0.5535714285714286,44.372119999999995,168,clpd_cfg007,commitment_lattice_primal_dual,feasible,44,0.2619047619047619,3.05034,train,40.661169999999984,0.25
2.2341,0,0.0,37,0.7708333333333334,33,0.6875,15.251520000000001,48,clpd_cfg007,commitment_lattice_primal_dual,feasible,11,0.22916666666666666,0.8734899999999999,validation,10.484104999999998,1.0
5.94871336,0,0.0,55,0.7638888888888888,44,0.6111111111111112,23.8348585,72,clpd_cfg007,commitment_lattice_primal_dual,high_fanout_feasible,17,0.2361111111111111,1.0934375,test_id,18.970977600000005,1.75
4.72886184,0,0.0,218,0.7569444444444444,184,0.6388888888888888,98.49344615,288,clpd_cfg007,commitment_lattice_primal_dual,high_fanout_feasible,70,0.24305555555555555,1.78095,test_ood_template,63.7978626,1.5
3.50405107,0,0.0,122,0.7261904761904762,98,0.5833333333333334,50.94009615000001,168,clpd_cfg007,commitment_lattice_primal_dual,high_fanout_feasible,46,0.27380952380952384,3.4129250000000004,train,41.1813828,0.25
2.76986511,0,0.0,37,0.7708333333333334,34,0.7083333333333334,17.695836399999997,48,clpd_cfg007,commitment_lattice_primal_dual,high_fanout_feasible,11,0.22916666666666666,1.0918625,validation,11.322833400000002,1.0
4.73000061,0,0.0,54,0.75,44,0.6111111111111112,20.436813500000003,72,clpd_cfg007,commitment_lattice_primal_dual,network_delay_high,18,0.25,0.962225,test_id,15.7506208,1.5
4.04560007,0,0.0,211,0.7326388888888888,178,0.6180555555555556,81.86227120000001,288,clpd_cfg007,commitment_lattice_primal_dual,network_delay_high,77,0.2673611111111111,1.567236,test_ood_template,53.3857462,1.5
3.55980547,0,0.0,122,0.7261904761904762,99,0.5892857142857143,43.02622105000001,168,clpd_cfg007,commitment_lattice_primal_dual,network_delay_high,46,0.27380952380952384,3.0033739999999995,train,35.080437200000006,0.25
2.36965402,0,0.0,37,0.7708333333333334,34,0.7083333333333334,15.1730084,48,clpd_cfg007,commitment_lattice_primal_dual,network_delay_high,11,0.22916666666666666,0.960839,validation,9.6453766,1.0
25.42185325,0,0.0,393,0.6822916666666666,354,0.6145833333333334,123.71449999999999,576,clpd_cfg007,commitment_lattice_primal_dual,verifier_scarce,183,0.3177083333333333,6.1771215,test_ood_network,104.14654775,1.5
9.27505,0,0.0,70,0.9722222222222222,40,0.5555555555555556,30.2038,72,clpd_cfg008,commitment_lattice_primal_dual,feasible,2,0.027777777777777776,0.8747500000000001,test_id,23.52257,3.25
12.0715,0,0.0,277,0.9618055555555556,177,0.6145833333333334,124.00902000000002,288,clpd_cfg008,commitment_lattice_primal_dual,feasible,11,0.03819444444444445,2.3247600000000004,test_ood_template,76.229925,4.0
6.4709,0,0.0,162,0.9642857142857143,100,0.5952380952380952,72.00143999999996,168,clpd_cfg008,commitment_lattice_primal_dual,feasible,6,0.03571428571428571,13.41033,train,51.65168499999999,0.5
3.901875,0,0.0,46,0.9583333333333334,34,0.7083333333333334,23.524419999999996,48,clpd_cfg008,commitment_lattice_primal_dual,feasible,2,0.041666666666666664,4.02349,validation,12.014025,1.75
9.07731821,0,0.0,71,0.9861111111111112,49,0.6805555555555556,28.979556499999994,72,clpd_cfg008,commitment_lattice_primal_dual,high_fanout_feasible,1,0.013888888888888888,1.0934375,test_id,23.048393400000002,2.5
11.88479124,0,0.0,274,0.9513888888888888,210,0.7291666666666666,109.11623114999998,288,clpd_cfg008,commitment_lattice_primal_dual,high_fanout_feasible,14,0.04861111111111111,1.78095,test_ood_template,73.04796540000002,3.25
13.14134283,0,0.0,161,0.9583333333333334,123,0.7321428571428571,63.287543200000016,168,clpd_cfg008,commitment_lattice_primal_dual,high_fanout_feasible,7,0.041666666666666664,3.8129250000000003,train,47.387505600000004,0.5
7.83000729,0,0.0,47,0.9791666666666666,42,0.875,21.238916949999997,48,clpd_cfg008,commitment_lattice_primal_dual,high_fanout_feasible,1,0.020833333333333332,1.0918625,validation,11.893905000000002,1.0
7.76575853,0,0.0,68,0.9444444444444444,47,0.6527777777777778,24.747664050000004,72,clpd_cfg008,commitment_lattice_primal_dual,network_delay_high,4,0.05555555555555555,0.962225,test_id,19.075983799999996,2.5
9.61580981,0,0.0,265,0.9201388888888888,204,0.7083333333333334,92.55190325000002,288,clpd_cfg008,commitment_lattice_primal_dual,network_delay_high,23,0.0798611111111111,1.567236,test_ood_template,62.8586412,3.25
12.51545573,0,0.0,153,0.9107142857142857,116,0.6904761904761905,55.01625895000001,168,clpd_cfg008,commitment_lattice_primal_dual,network_delay_high,15,0.08928571428571429,8.744439,train,41.067226799999986,0.5
8.23769129,0,0.0,44,0.9166666666666666,39,0.8125,18.100305600000002,48,clpd_cfg008,commitment_lattice_primal_dual,network_delay_high,4,0.08333333333333333,0.960839,validation,10.023308,1.0
36.49649962,121,0.21006944444444445,431,0.7482638888888888,392,0.6805555555555556,132.51716000000005,576,clpd_cfg008,commitment_lattice_primal_dual,verifier_scarce,24,0.041666666666666664,5.8188275,test_ood_network,104.90017324999998,1.0
7.321525,0,0.0,72,1.0,49,0.6805555555555556,23.803000000000004,72,clpd_cfg009,commitment_lattice_primal_dual,feasible,0,0.0,0.8747500000000001,test_id,21.742659999999997,2.5
9.038875,0,0.0,288,1.0,211,0.7326388888888888,98.43196,288,clpd_cfg009,commitment_lattice_primal_dual,feasible,0,0.0,2.3247600000000004,test_ood_template,70.75572499999998,3.25
3.279325,0,0.0,168,1.0,118,0.7023809523809523,61.725899999999974,168,clpd_cfg009,commitment_lattice_primal_dual,feasible,0,0.0,11.402429999999999,train,48.14445999999999,0.5
3.901875,0,0.0,48,1.0,42,0.875,19.2606,48,clpd_cfg009,commitment_lattice_primal_dual,feasible,0,0.0,0.8734899999999999,validation,11.1274,1.75
9.07731821,0,0.0,72,1.0,56,0.7777777777777778,26.54331269999999,72,clpd_cfg009,commitment_lattice_primal_dual,high_fanout_feasible,0,0.0,1.0934375,test_id,20.948554800000004,2.5
9.76857567,0,0.0,288,1.0,237,0.8229166666666666,105.14416389999995,288,clpd_cfg009,commitment_lattice_primal_dual,high_fanout_feasible,0,0.0,1.78095,test_ood_template,70.8904602,2.5
8.18441748,0,0.0,168,1.0,139,0.8273809523809523,61.14175045000002,168,clpd_cfg009,commitment_lattice_primal_dual,high_fanout_feasible,0,0.0,5.481412499999999,train,45.657847800000006,0.5
4.94081023,0,0.0,48,1.0,44,0.9166666666666666,15.848743500000001,48,clpd_cfg009,commitment_lattice_primal_dual,high_fanout_feasible,0,0.0,1.0918625,validation,12.338060400000002,1.75
7.76575853,0,0.0,72,1.0,57,0.7916666666666666,23.3252945,72,clpd_cfg009,commitment_lattice_primal_dual,network_delay_high,0,0.0,0.962225,test_id,17.571907999999993,2.5
8.35713788,0,0.0,288,1.0,237,0.8229166666666666,92.79130490000001,288,clpd_cfg009,commitment_lattice_primal_dual,network_delay_high,0,0.0,1.567236,test_ood_template,60.566603799999996,2.5
11.00046711,0,0.0,168,1.0,138,0.8214285714285714,54.65209395000001,168,clpd_cfg009,commitment_lattice_primal_dual,network_delay_high,0,0.0,8.744439,train,39.390232399999995,0.5
6.72270267,0,0.0,48,1.0,44,0.9166666666666666,15.4088105,48,clpd_cfg009,commitment_lattice_primal_dual,network_delay_high,0,0.0,0.960839,validation,10.1814836,1.0
41.99192588,100,0.1736111111111111,475,0.8246527777777778,441,0.765625,130.14022,576,clpd_cfg009,commitment_lattice_primal_dual,verifier_scarce,1,0.001736111111111111,5.623201,test_ood_network,104.55690499999999,1.0
7.321525,0,0.0,64,0.8888888888888888,38,0.5277777777777778,23.691740000000003,72,clpd_cfg010,commitment_lattice_primal_dual,feasible,8,0.1111111111111111,0.8747500000000001,test_id,21.537834999999998,2.5
12.0715,0,0.0,242,0.8402777777777778,166,0.5763888888888888,95.36516,288,clpd_cfg010,commitment_lattice_primal_dual,feasible,46,0.1597222222222222,2.3247600000000004,test_ood_template,69.885825,4.0
4.5823,0,0.0,144,0.8571428571428571,93,0.5535714285714286,53.99949999999998,168,clpd_cfg010,commitment_lattice_primal_dual,feasible,24,0.14285714285714285,7.94949,train,47.633254999999984,0.5
3.901875,0,0.0,42,0.875,34,0.7083333333333334,17.27806,48,clpd_cfg010,commitment_lattice_primal_dual,feasible,6,0.125,0.8734899999999999,validation,11.510724999999997,1.75
9.07731821,0,0.0,64,0.8888888888888888,44,0.6111111111111112,27.048576249999996,72,clpd_cfg010,commitment_lattice_primal_dual,high_fanout_feasible,8,0.1111111111111111,1.0934375,test_id,21.493863000000005,2.5
11.20651021,0,0.0,239,0.8298611111111112,189,0.65625,94.35998719999999,288,clpd_cfg010,commitment_lattice_primal_dual,high_fanout_feasible,49,0.1701388888888889,1.78095,test_ood_template,69.70684499999999,3.25
9.49161379,0,0.0,139,0.8273809523809523,105,0.625,54.831467550000006,168,clpd_cfg010,commitment_lattice_primal_dual,high_fanout_feasible,29,0.17261904761904762,3.8129250000000003,train,46.65908340000001,0.5
4.18027825,0,0.0,42,0.875,38,0.7916666666666666,15.756165449999997,48,clpd_cfg010,commitment_lattice_primal_dual,high_fanout_feasible,6,0.125,1.0918625,validation,11.766492000000003,1.0
7.76575853,0,0.0,61,0.8472222222222222,46,0.6388888888888888,22.700467350000004,72,clpd_cfg010,commitment_lattice_primal_dual,network_delay_high,11,0.1527777777777778,0.962225,test_id,17.589838799999995,2.5
9.58730874,0,0.0,230,0.7986111111111112,184,0.6388888888888888,85.43548765,288,clpd_cfg010,commitment_lattice_primal_dual,network_delay_high,58,0.2013888888888889,1.567236,test_ood_template,59.0544964,3.25
7.5006904,0,0.0,134,0.7976190476190477,101,0.6011904761904762,46.83930225000002,168,clpd_cfg010,commitment_lattice_primal_dual,network_delay_high,34,0.20238095238095238,3.3553739999999994,train,39.31536740000001,0.5
3.22292595,0,0.0,41,0.8541666666666666,37,0.7708333333333334,13.513994750000002,48,clpd_cfg010,commitment_lattice_primal_dual,network_delay_high,7,0.14583333333333334,0.960839,validation,9.9080918,1.0
26.85399231,49,0.08506944444444445,393,0.6822916666666666,352,0.6111111111111112,126.16158000000004,576,clpd_cfg010,commitment_lattice_primal_dual,verifier_scarce,134,0.2326388888888889,5.8188275,test_ood_network,103.66021899999997,1.0
7.321525,0,0.0,71,0.9861111111111112,54,0.75,21.105880000000006,72,clpd_cfg011,commitment_lattice_primal_dual,feasible,1,0.013888888888888888,0.8747500000000001,test_id,20.740445,2.5
9.038875,0,0.0,283,0.9826388888888888,227,0.7881944444444444,88.84603999999996,288,clpd_cfg011,commitment_lattice_primal_dual,feasible,5,0.017361111111111112,1.42476,test_ood_template,66.36853500000001,3.25
3.279325,0,0.0,164,0.9761904761904762,128,0.7619047619047619,51.75475999999999,168,clpd_cfg011,commitment_lattice_primal_dual,feasible,4,0.023809523809523808,7.94949,train,45.66159999999999,0.5
2.2341,0,0.0,47,0.9791666666666666,45,0.9375,12.806260000000002,48,clpd_cfg011,commitment_lattice_primal_dual,feasible,1,0.020833333333333332,0.8734899999999999,validation,10.7701,1.0
10.23973542,0,0.0,71,0.9861111111111112,60,0.8333333333333334,22.439043699999996,72,clpd_cfg011,commitment_lattice_primal_dual,high_fanout_feasible,1,0.013888888888888888,1.0934375,test_id,20.0767464,2.5
6.64610789,0,0.0,283,0.9826388888888888,245,0.8506944444444444,98.32859289999998,288,clpd_cfg011,commitment_lattice_primal_dual,high_fanout_feasible,5,0.017361111111111112,1.78095,test_ood_template,68.41940939999999,2.5
6.09603571,1,0.005952380952380952,162,0.9642857142857143,138,0.8214285714285714,53.7340089,168,clpd_cfg011,commitment_lattice_primal_dual,high_fanout_feasible,5,0.02976190476190476,3.8129250000000003,train,44.30585520000001,0.5
4.8375934,0,0.0,48,1.0,45,0.9375,15.848743500000001,48,clpd_cfg011,commitment_lattice_primal_dual,high_fanout_feasible,0,0.0,1.0918625,validation,12.017592,1.75
5.0891982,0,0.0,69,0.9583333333333334,60,0.8333333333333334,20.83968945,72,clpd_cfg011,commitment_lattice_primal_dual,network_delay_high,3,0.041666666666666664,0.962225,test_id,15.657346599999999,1.75
4.45565702,0,0.0,272,0.9444444444444444,233,0.8090277777777778,84.75740400000001,288,clpd_cfg011,commitment_lattice_primal_dual,network_delay_high,16,0.05555555555555555,1.567236,test_ood_template,57.997080600000004,1.75
7.35540444,1,0.005952380952380952,159,0.9464285714285714,135,0.8035714285714286,45.95747565000002,168,clpd_cfg011,commitment_lattice_primal_dual,network_delay_high,8,0.047619047619047616,3.3553739999999994,train,37.643456,0.5
3.07763999,0,0.0,45,0.9375,43,0.8958333333333334,13.4250164,48,clpd_cfg011,commitment_lattice_primal_dual,network_delay_high,3,0.0625,0.960839,validation,9.825963400000001,1.0
31.66137831,87,0.15104166666666666,440,0.7638888888888888,405,0.703125,123.77642000000004,576,clpd_cfg011,commitment_lattice_primal_dual,verifier_scarce,49,0.08506944444444445,5.8188275,test_ood_network,105.76782249999998,1.0
8.2591,0,0.0,68,0.9444444444444444,43,0.5972222222222222,33.90306,72,clpd_cfg012,commitment_lattice_primal_dual,feasible,4,0.05555555555555555,3.4699,test_id,22.038325,2.5
10.9117,0,0.0,264,0.9166666666666666,176,0.6111111111111112,127.91536000000004,288,clpd_cfg012,commitment_lattice_primal_dual,feasible,24,0.08333333333333333,2.3247600000000004,test_ood_template,73.75785499999999,3.25
5.346175,0,0.0,157,0.9345238095238095,98,0.5833333333333334,76.72237999999997,168,clpd_cfg012,commitment_lattice_primal_dual,feasible,11,0.06547619047619048,13.41033,train,51.038034999999994,0.5
3.901875,0,0.0,43,0.8958333333333334,31,0.6458333333333334,27.781219999999998,48,clpd_cfg012,commitment_lattice_primal_dual,feasible,5,0.10416666666666667,4.02349,validation,11.665795,1.75
9.07731821,0,0.0,68,0.9444444444444444,49,0.6805555555555556,28.037597549999994,72,clpd_cfg012,commitment_lattice_primal_dual,high_fanout_feasible,4,0.05555555555555555,1.0934375,test_id,23.0649066,2.5
10.4468567,0,0.0,265,0.9201388888888888,211,0.7326388888888888,115.00528514999998,288,clpd_cfg012,commitment_lattice_primal_dual,high_fanout_feasible,23,0.0798611111111111,2.90595,test_ood_template,72.74854080000001,2.5
11.09388548,0,0.0,157,0.9345238095238095,118,0.7023809523809523,71.5708114,168,clpd_cfg012,commitment_lattice_primal_dual,high_fanout_feasible,11,0.06547619047619048,10.77825,train,47.082600000000006,0.5
5.78254993,0,0.0,43,0.8958333333333334,39,0.8125,18.923262749999996,48,clpd_cfg012,commitment_lattice_primal_dual,high_fanout_feasible,5,0.10416666666666667,1.0918625,validation,11.766492000000003,1.0
7.76575853,0,0.0,64,0.8888888888888888,44,0.6111111111111112,26.72177515,72,clpd_cfg012,commitment_lattice_primal_dual,network_delay_high,8,0.1111111111111111,0.962225,test_id,19.647883399999994,2.5
8.5686319,0,0.0,251,0.8715277777777778,198,0.6875,98.20991170000003,288,clpd_cfg012,commitment_lattice_primal_dual,network_delay_high,37,0.1284722222222222,2.557236,test_ood_template,61.698654600000005,2.5
10.30458476,0,0.0,147,0.875,108,0.6428571428571429,64.64608665,168,clpd_cfg012,commitment_lattice_primal_dual,network_delay_high,21,0.125,5.564064,train,40.6143936,0.5
6.02682032,0,0.0,43,0.8958333333333334,38,0.7916666666666666,17.496865250000003,48,clpd_cfg012,commitment_lattice_primal_dual,network_delay_high,5,0.10416666666666667,0.960839,validation,10.023308,1.0
33.84822462,132,0.22916666666666666,418,0.7256944444444444,378,0.65625,136.38498000000004,576,clpd_cfg012,commitment_lattice_primal_dual,verifier_scarce,26,0.04513888888888889,5.4508275,test_ood_network,103.17834574999998,1.0
5.814025,0,0.0,72,1.0,51,0.7083333333333334,27.307640000000006,72,clpd_cfg013,commitment_lattice_primal_dual,feasible,0,0.0,0.8747500000000001,test_id,20.70964,2.5
7.879075,0,0.0,288,1.0,218,0.7569444444444444,110.10628000000001,288,clpd_cfg013,commitment_lattice_primal_dual,feasible,0,0.0,5.7876,test_ood_template,70.40215999999998,2.5
3.279325,0,0.0,168,1.0,123,0.7321428571428571,63.437179999999984,168,clpd_cfg013,commitment_lattice_primal_dual,feasible,0,0.0,13.41033,train,47.68307499999998,0.5
3.901875,0,0.0,48,1.0,41,0.8541666666666666,19.2606,48,clpd_cfg013,commitment_lattice_primal_dual,feasible,0,0.0,0.8734899999999999,validation,11.42413,1.75
9.07731821,0,0.0,72,1.0,56,0.7777777777777778,27.65041949999999,72,clpd_cfg013,commitment_lattice_primal_dual,high_fanout_feasible,0,0.0,1.0934375,test_id,20.948554800000004,2.5
9.76857567,0,0.0,288,1.0,241,0.8368055555555556,110.18938529999997,288,clpd_cfg013,commitment_lattice_primal_dual,high_fanout_feasible,0,0.0,1.78095,test_ood_template,71.45684460000001,2.5
7.06226319,0,0.0,168,1.0,137,0.8154761904761905,63.73914045000002,168,clpd_cfg013,commitment_lattice_primal_dual,high_fanout_feasible,0,0.0,9.9368625,train,45.688903200000006,0.5
2.76986511,0,0.0,48,1.0,44,0.9166666666666666,17.9708455,48,clpd_cfg013,commitment_lattice_primal_dual,high_fanout_feasible,0,0.0,1.0918625,validation,11.952176400000003,1.0
7.76575853,0,0.0,72,1.0,57,0.7916666666666666,23.1632095,72,clpd_cfg013,commitment_lattice_primal_dual,network_delay_high,0,0.0,0.962225,test_id,17.845065199999993,2.5
8.35713788,0,0.0,288,1.0,241,0.8368055555555556,94.62913830000004,288,clpd_cfg013,commitment_lattice_primal_dual,network_delay_high,0,0.0,1.567236,test_ood_template,60.884762800000004,2.5
6.97337582,0,0.0,166,0.9880952380952381,134,0.7976190476190477,54.53650840000001,168,clpd_cfg013,commitment_lattice_primal_dual,network_delay_high,2,0.011904761904761904,8.744439,train,39.3925094,0.5
2.69561138,0,0.0,48,1.0,44,0.9166666666666666,15.4088105,48,clpd_cfg013,commitment_lattice_primal_dual,network_delay_high,0,0.0,0.960839,validation,10.1814836,1.0
42.696684,103,0.17881944444444445,472,0.8194444444444444,439,0.7621527777777778,132.71856000000005,576,clpd_cfg013,commitment_lattice_primal_dual,verifier_scarce,1,0.001736111111111111,5.8188275,test_ood_network,104.65471224999999,1.0
7.321525,0,0.0,60,0.8333333333333334,39,0.5416666666666666,22.086140000000007,72,clpd_cfg014,commitment_lattice_primal_dual,feasible,12,0.16666666666666666,0.8747500000000001,test_id,21.801240000000004,2.5
10.9117,0,0.0,229,0.7951388888888888,159,0.5520833333333334,96.52641999999999,288,clpd_cfg014,commitment_lattice_primal_dual,feasible,59,0.2048611111111111,2.3247600000000004,test_ood_template,70.898765,3.25
5.346175,0,0.0,135,0.8035714285714286,83,0.49404761904761907,66.09543999999998,168,clpd_cfg014,commitment_lattice_primal_dual,feasible,33,0.19642857142857142,9.957390000000002,train,47.52400999999998,0.5
2.2341,0,0.0,41,0.8541666666666666,33,0.6875,20.144899999999993,48,clpd_cfg014,commitment_lattice_primal_dual,feasible,7,0.14583333333333334,0.8734899999999999,validation,11.065719999999999,1.0
9.07731821,0,0.0,60,0.8333333333333334,44,0.6111111111111112,26.474891849999995,72,clpd_cfg014,commitment_lattice_primal_dual,high_fanout_feasible,12,0.16666666666666666,1.0934375,test_id,21.5017578,2.5
9.86023942,0,0.0,229,0.7951388888888888,181,0.6284722222222222,105.92659694999998,288,clpd_cfg014,commitment_lattice_primal_dual,high_fanout_feasible,59,0.2048611111111111,1.78095,test_ood_template,69.128937,2.5
7.67863597,0,0.0,134,0.7976190476190477,99,0.5892857142857143,58.06224755,168,clpd_cfg014,commitment_lattice_primal_dual,high_fanout_feasible,34,0.20238095238095238,5.481412499999999,train,46.631095200000004,0.5
2.76986511,0,0.0,42,0.875,38,0.7916666666666666,18.843868049999994,48,clpd_cfg014,commitment_lattice_primal_dual,high_fanout_feasible,6,0.125,1.0918625,validation,11.766492000000003,1.0
7.76575853,0,0.0,56,0.7777777777777778,40,0.5555555555555556,22.659946100000003,72,clpd_cfg014,commitment_lattice_primal_dual,network_delay_high,16,0.2222222222222222,0.962225,test_id,17.763792399999996,2.5
8.15857495,0,0.0,221,0.7673611111111112,174,0.6041666666666666,89.61492305000003,288,clpd_cfg014,commitment_lattice_primal_dual,network_delay_high,67,0.2326388888888889,1.567236,test_ood_template,58.383889999999994,2.25
6.9263614,0,0.0,129,0.7678571428571429,96,0.5714285714285714,46.740956650000015,168,clpd_cfg014,commitment_lattice_primal_dual,network_delay_high,39,0.23214285714285715,3.3553739999999994,train,38.930862600000005,0.5
2.36965402,0,0.0,37,0.7708333333333334,33,0.6875,16.0522248,48,clpd_cfg014,commitment_lattice_primal_dual,network_delay_high,11,0.22916666666666666,0.960839,validation,9.6453766,1.0
33.58316706,127,0.2204861111111111,401,0.6961805555555556,360,0.625,131.85092000000006,576,clpd_cfg014,commitment_lattice_primal_dual,verifier_scarce,48,0.08333333333333333,5.8091215,test_ood_network,104.7231075,1.75
7.321525,0,0.0,69,0.9583333333333334,52,0.7222222222222222,22.430420000000005,72,clpd_cfg015,commitment_lattice_primal_dual,feasible,3,0.041666666666666664,0.8747500000000001,test_id,20.492585000000002,2.5
7.879075,0,0.0,274,0.9513888888888888,220,0.7638888888888888,94.86515999999999,288,clpd_cfg015,commitment_lattice_primal_dual,feasible,14,0.04861111111111111,2.3247600000000004,test_ood_template,67.451745,2.5
3.279325,0,0.0,159,0.9464285714285714,120,0.7142857142857143,52.359039999999986,168,clpd_cfg015,commitment_lattice_primal_dual,feasible,9,0.05357142857142857,7.94949,train,46.122004999999994,0.5
2.2341,0,0.0,46,0.9583333333333334,41,0.8541666666666666,17.250040000000002,48,clpd_cfg015,commitment_lattice_primal_dual,feasible,2,0.041666666666666664,0.8734899999999999,validation,11.06683,1.0
5.94871336,0,0.0,69,0.9583333333333334,58,0.8055555555555556,24.366316899999998,72,clpd_cfg015,commitment_lattice_primal_dual,high_fanout_feasible,3,0.041666666666666664,1.0934375,test_id,19.3257198,1.75
5.20817335,0,0.0,273,0.9479166666666666,236,0.8194444444444444,103.98454464999995,288,clpd_cfg015,commitment_lattice_primal_dual,high_fanout_feasible,15,0.052083333333333336,1.78095,test_ood_template,67.60013220000002,1.75
5.83106739,0,0.0,158,0.9404761904761905,132,0.7857142857142857,57.2322366,168,clpd_cfg015,commitment_lattice_primal_dual,high_fanout_feasible,10,0.05952380952380952,3.8129250000000003,train,44.2459044,0.5
2.76986511,0,0.0,45,0.9375,43,0.8958333333333334,15.657204400000001,48,clpd_cfg015,commitment_lattice_primal_dual,high_fanout_feasible,3,0.0625,1.0918625,validation,11.534826600000002,1.0
5.0891982,0,0.0,66,0.9166666666666666,56,0.7777777777777778,20.701180450000003,72,clpd_cfg015,commitment_lattice_primal_dual,network_delay_high,6,0.08333333333333333,0.962225,test_id,16.234619,1.75
4.45565702,0,0.0,263,0.9131944444444444,226,0.7847222222222222,88.83426275000002,288,clpd_cfg015,commitment_lattice_primal_dual,network_delay_high,25,0.08680555555555555,1.567236,test_ood_template,57.637305399999995,1.75
3.47829804,0,0.0,154,0.9166666666666666,131,0.7797619047619048,48.06405440000002,168,clpd_cfg015,commitment_lattice_primal_dual,network_delay_high,14,0.08333333333333333,3.3553739999999994,train,37.1371984,0.5
2.36965402,0,0.0,43,0.8958333333333334,41,0.8541666666666666,13.36971805,48,clpd_cfg015,commitment_lattice_primal_dual,network_delay_high,5,0.10416666666666667,0.960839,validation,9.7503164,1.0
34.78194606,110,0.1909722222222222,438,0.7604166666666666,404,0.7013888888888888,133.69128000000003,576,clpd_cfg015,commitment_lattice_primal_dual,verifier_scarce,28,0.04861111111111111,6.420841,test_ood_network,104.89298649999999,1.0
9.27505,0,0.0,72,1.0,39,0.5416666666666666,31.685560000000002,72,clpd_cfg016,commitment_lattice_primal_dual,feasible,0,0.0,0.8747500000000001,test_id,23.61871,3.25
10.9117,0,0.0,288,1.0,179,0.6215277777777778,117.63052000000003,288,clpd_cfg016,commitment_lattice_primal_dual,feasible,0,0.0,2.3247600000000004,test_ood_template,76.78235,3.25
6.0125,0,0.0,168,1.0,99,0.5892857142857143,70.90021999999996,168,clpd_cfg016,commitment_lattice_primal_dual,feasible,0,0.0,13.41033,train,51.598209999999995,0.5
3.901875,0,0.0,48,1.0,35,0.7291666666666666,20.16428,48,clpd_cfg016,commitment_lattice_primal_dual,feasible,0,0.0,0.8734899999999999,validation,12.70618,1.75
10.62826492,0,0.0,72,1.0,49,0.6805555555555556,29.218182499999994,72,clpd_cfg016,commitment_lattice_primal_dual,high_fanout_feasible,0,0.0,1.0934375,test_id,23.0517684,3.25
11.20651021,0,0.0,288,1.0,218,0.7569444444444444,111.25171289999997,288,clpd_cfg016,commitment_lattice_primal_dual,high_fanout_feasible,0,0.0,1.78095,test_ood_template,73.00018620000002,3.25
15.68150168,0,0.0,168,1.0,124,0.7380952380952381,65.42837685000002,168,clpd_cfg016,commitment_lattice_primal_dual,high_fanout_feasible,0,0.0,5.481412499999999,train,48.517326000000004,0.5
10.37016614,0,0.0,48,1.0,43,0.8958333333333334,16.413982700000002,48,clpd_cfg016,commitment_lattice_primal_dual,high_fanout_feasible,0,0.0,1.0918625,validation,11.893905000000002,1.0
11.65461558,0,0.0,72,1.0,51,0.7083333333333334,25.052657500000002,72,clpd_cfg016,commitment_lattice_primal_dual,network_delay_high,0,0.0,0.962225,test_id,19.246248199999997,2.5
13.51729067,0,0.0,288,1.0,216,0.75,97.72752990000002,288,clpd_cfg016,commitment_lattice_primal_dual,network_delay_high,0,0.0,1.567236,test_ood_template,63.34512340000001,4.0
16.3899424,0,0.0,168,1.0,126,0.75,55.559348950000015,168,clpd_cfg016,commitment_lattice_primal_dual,network_delay_high,0,0.0,8.744439,train,41.80261039999999,0.5
12.11217796,0,0.0,48,1.0,43,0.8958333333333334,14.0739037,48,clpd_cfg016,commitment_lattice_primal_dual,network_delay_high,0,0.0,0.960839,validation,10.1814836,1.0
54.52923294,99,0.171875,477,0.828125,436,0.7569444444444444,134.32031999999998,576,clpd_cfg016,commitment_lattice_primal_dual,verifier_scarce,0,0.0,5.623201,test_ood_network,104.71994399999998,1.0
7.321525,0,0.0,64,0.8888888888888888,41,0.5694444444444444,23.273500000000006,72,clpd_cfg017,commitment_lattice_primal_dual,feasible,8,0.1111111111111111,0.8747500000000001,test_id,21.458814999999998,2.5
9.038875,0,0.0,255,0.8854166666666666,183,0.6354166666666666,94.98433999999999,288,clpd_cfg017,commitment_lattice_primal_dual,feasible,33,0.11458333333333333,2.3247600000000004,test_ood_template,69.05175,3.25
5.813875,0,0.0,149,0.8869047619047619,100,0.5952380952380952,55.88979999999999,168,clpd_cfg017,commitment_lattice_primal_dual,feasible,19,0.1130952380952381,7.94949,train,47.42589499999999,0.5
3.901875,0,0.0,42,0.875,35,0.7291666666666666,18.98734,48,clpd_cfg017,commitment_lattice_primal_dual,feasible,6,0.125,0.8734899999999999,validation,11.252199999999998,1.75
9.07731821,0,0.0,64,0.8888888888888888,48,0.6666666666666666,27.428119249999995,72,clpd_cfg017,commitment_lattice_primal_dual,high_fanout_feasible,8,0.1111111111111111,1.0934375,test_id,20.4855588,2.5
6.64610789,0,0.0,257,0.8923611111111112,206,0.7152777777777778,102.58465454999995,288,clpd_cfg017,commitment_lattice_primal_dual,high_fanout_feasible,31,0.1076388888888889,1.78095,test_ood_template,69.5818026,2.5
9.82834687,0,0.0,147,0.875,117,0.6964285714285714,55.87530900000001,168,clpd_cfg017,commitment_lattice_primal_dual,high_fanout_feasible,21,0.125,3.8129250000000003,train,46.2251502,0.5
4.51701132,0,0.0,43,0.8958333333333334,40,0.8333333333333334,15.59271155,48,clpd_cfg017,commitment_lattice_primal_dual,high_fanout_feasible,5,0.10416666666666667,1.0918625,validation,11.766492000000003,1.0
7.76575853,0,0.0,62,0.8611111111111112,46,0.6388888888888888,23.03027875,72,clpd_cfg017,commitment_lattice_primal_dual,network_delay_high,10,0.1388888888888889,0.962225,test_id,17.477051399999997,2.5
5.68582789,0,0.0,236,0.8194444444444444,187,0.6493055555555556,90.07640220000002,288,clpd_cfg017,commitment_lattice_primal_dual,network_delay_high,52,0.18055555555555555,1.567236,test_ood_template,58.0063956,2.5
8.09169851,0,0.0,137,0.8154761904761905,104,0.6190476190476191,49.78453405000002,168,clpd_cfg017,commitment_lattice_primal_dual,network_delay_high,31,0.18452380952380953,4.823643000000001,train,39.088380400000005,0.5
3.81393406,0,0.0,42,0.875,39,0.8125,13.301642350000002,48,clpd_cfg017,commitment_lattice_primal_dual,network_delay_high,6,0.125,0.960839,validation,10.023308,1.0
28.47874481,95,0.16493055555555555,407,0.7065972222222222,368,0.6388888888888888,130.5457,576,clpd_cfg017,commitment_lattice_primal_dual,verifier_scarce,74,0.1284722222222222,5.8188275,test_ood_network,103.1633785,1.0
11.7985,0,0.0,72,1.0,37,0.5138888888888888,38.99460000000001,72,clpd_cfg018,commitment_lattice_primal_dual,feasible,0,0.0,3.4699,test_id,23.676850000000005,4.0
12.0715,0,0.0,287,0.9965277777777778,166,0.5763888888888888,162.68308000000002,288,clpd_cfg018,commitment_lattice_primal_dual,feasible,1,0.003472222222222222,5.7876,test_ood_template,75.42287999999999,4.0
6.8735,0,0.0,167,0.9940476190476191,95,0.5654761904761905,91.16690000000003,168,clpd_cfg018,commitment_lattice_primal_dual,feasible,1,0.005952380952380952,13.41033,train,50.316655,0.5
5.019825,0,0.0,48,1.0,29,0.6041666666666666,26.934119999999997,48,clpd_cfg018,commitment_lattice_primal_dual,feasible,0,0.0,4.02349,validation,13.936480000000001,2.5
16.34104196,0,0.0,71,0.9861111111111112,45,0.625,37.890028099999995,72,clpd_cfg018,commitment_lattice_primal_dual,high_fanout_feasible,1,0.013888888888888888,1.0934375,test_id,23.1179886,2.5
15.64467762,0,0.0,286,0.9930555555555556,209,0.7256944444444444,129.14417024999995,288,clpd_cfg018,commitment_lattice_primal_dual,high_fanout_feasible,2,0.006944444444444444,1.78095,test_ood_template,76.01851620000002,4.0
18.98113867,0,0.0,164,0.9761904761904762,121,0.7202380952380952,72.77756665,168,clpd_cfg018,commitment_lattice_primal_dual,high_fanout_feasible,4,0.023809523809523808,14.2530375,train,49.7484288,0.5
13.66980312,0,0.0,48,1.0,43,0.8958333333333334,21.103523699999997,48,clpd_cfg018,commitment_lattice_primal_dual,high_fanout_feasible,0,0.0,1.0918625,validation,11.631708000000001,1.0
14.3346231,0,0.0,71,0.9861111111111112,45,0.625,32.488191099999995,72,clpd_cfg018,commitment_lattice_primal_dual,network_delay_high,1,0.013888888888888888,0.962225,test_id,19.378958200000003,3.25
13.51729067,0,0.0,282,0.9791666666666666,208,0.7222222222222222,114.24371775000003,288,clpd_cfg018,commitment_lattice_primal_dual,network_delay_high,6,0.020833333333333332,2.557236,test_ood_template,63.7875376,4.0
17.61101798,0,0.0,161,0.9583333333333334,119,0.7083333333333334,64.17124074999998,168,clpd_cfg018,commitment_lattice_primal_dual,network_delay_high,7,0.041666666666666664,12.542672999999999,train,41.22915599999999,0.5
13.33325354,0,0.0,46,0.9583333333333334,41,0.8541666666666666,18.0948747,48,clpd_cfg018,commitment_lattice_primal_dual,network_delay_high,2,0.041666666666666664,0.960839,validation,9.7503164,1.0
50.73419863,130,0.22569444444444445,444,0.7708333333333334,401,0.6961805555555556,143.51994000000013,576,clpd_cfg018,commitment_lattice_primal_dual,verifier_scarce,2,0.003472222222222222,5.8188275,test_ood_network,103.85078425,1.0
8.2591,0,0.0,72,1.0,52,0.7222222222222222,30.282280000000007,72,clpd_cfg019,commitment_lattice_primal_dual,feasible,0,0.0,3.4699,test_id,20.654200000000003,2.5
7.879075,0,0.0,288,1.0,218,0.7569444444444444,112.0014,288,clpd_cfg019,commitment_lattice_primal_dual,feasible,0,0.0,5.7876,test_ood_template,71.07801499999998,2.5
3.279325,0,0.0,166,0.9880952380952381,117,0.6964285714285714,67.81463999999998,168,clpd_cfg019,commitment_lattice_primal_dual,feasible,2,0.011904761904761904,9.957390000000002,train,48.49082499999999,0.5
2.2341,0,0.0,48,1.0,41,0.8541666666666666,22.930359999999997,48,clpd_cfg019,commitment_lattice_primal_dual,feasible,0,0.0,4.02349,validation,11.06683,1.0
9.07731821,0,0.0,72,1.0,57,0.7916666666666666,25.717941699999994,72,clpd_cfg019,commitment_lattice_primal_dual,high_fanout_feasible,0,0.0,1.0934375,test_id,21.7356318,2.5
9.76857567,0,0.0,287,0.9965277777777778,242,0.8402777777777778,106.22073049999996,288,clpd_cfg019,commitment_lattice_primal_dual,high_fanout_feasible,1,0.003472222222222222,1.78095,test_ood_template,71.6519736,2.5
7.06226319,0,0.0,166,0.9880952380952381,135,0.8035714285714286,64.37000180000003,168,clpd_cfg019,commitment_lattice_primal_dual,high_fanout_feasible,2,0.011904761904761904,8.268374999999999,train,45.52803720000001,0.5
2.76986511,0,0.0,48,1.0,43,0.8958333333333334,21.301396699999998,48,clpd_cfg019,commitment_lattice_primal_dual,high_fanout_feasible,0,0.0,1.0918625,validation,11.952176400000003,1.0
7.76575853,0,0.0,72,1.0,56,0.7777777777777778,23.1632095,72,clpd_cfg019,commitment_lattice_primal_dual,network_delay_high,0,0.0,0.962225,test_id,18.515538199999995,2.5
8.35713788,0,0.0,285,0.9895833333333334,240,0.8333333333333334,92.84340365000004,288,clpd_cfg019,commitment_lattice_primal_dual,network_delay_high,3,0.010416666666666666,1.567236,test_ood_template,61.446892000000005,2.5
8.46659408,0,0.0,165,0.9821428571428571,134,0.7976190476190477,52.45398980000002,168,clpd_cfg019,commitment_lattice_primal_dual,network_delay_high,3,0.017857142857142856,7.2761700000000005,train,39.1312432,0.5
4.18882964,0,0.0,47,0.9791666666666666,43,0.8958333333333334,16.391403450000002,48,clpd_cfg019,commitment_lattice_primal_dual,network_delay_high,1,0.020833333333333332,0.960839,validation,10.1814836,1.0
45.59437231,103,0.17881944444444445,473,0.8211805555555556,441,0.765625,135.80206000000004,576,clpd_cfg019,commitment_lattice_primal_dual,verifier_scarce,0,0.0,5.623201,test_ood_network,105.39509474999998,1.0
9.27505,0,0.0,66,0.9166666666666666,31,0.4305555555555556,31.111060000000002,72,clpd_cfg020,commitment_lattice_primal_dual,feasible,6,0.08333333333333333,0.8747500000000001,test_id,22.417305,3.25
12.0715,0,0.0,262,0.9097222222222222,141,0.4895833333333333,151.86336000000006,288,clpd_cfg020,commitment_lattice_primal_dual,feasible,26,0.09027777777777778,5.7876,test_ood_template,73.72661,4.0
6.885125,0,0.0,156,0.9285714285714286,80,0.47619047619047616,78.42173999999997,168,clpd_cfg020,commitment_lattice_primal_dual,feasible,12,0.07142857142857142,13.41033,train,52.492879999999985,1.25
5.019825,0,0.0,43,0.8958333333333334,27,0.5625,21.847779999999997,48,clpd_cfg020,commitment_lattice_primal_dual,feasible,5,0.10416666666666667,0.8734899999999999,validation,13.113624999999999,2.5
14.24718462,0,0.0,66,0.9166666666666666,41,0.5694444444444444,34.921785799999995,72,clpd_cfg020,commitment_lattice_primal_dual,high_fanout_feasible,6,0.08333333333333333,1.0934375,test_id,22.424164200000003,3.25
15.64467762,0,0.0,257,0.8923611111111112,177,0.6145833333333334,117.61126764999996,288,clpd_cfg020,commitment_lattice_primal_dual,high_fanout_feasible,31,0.1076388888888889,1.78095,test_ood_template,74.20270140000002,4.0
18.85467779,1,0.005952380952380952,150,0.8928571428571429,104,0.6190476190476191,67.70251700000001,168,clpd_cfg020,commitment_lattice_primal_dual,high_fanout_feasible,17,0.10119047619047619,9.9368625,train,48.4192458,0.5
13.54334225,0,0.0,44,0.9166666666666666,37,0.7708333333333334,21.159644999999994,48,clpd_cfg020,commitment_lattice_primal_dual,high_fanout_feasible,4,0.08333333333333333,1.0918625,validation,11.766492000000003,1.0
11.44020013,0,0.0,64,0.8888888888888888,37,0.5138888888888888,30.434216299999996,72,clpd_cfg020,commitment_lattice_primal_dual,network_delay_high,8,0.1111111111111111,0.962225,test_id,18.6992162,2.5
13.51729067,0,0.0,243,0.84375,163,0.5659722222222222,103.45601375,288,clpd_cfg020,commitment_lattice_primal_dual,network_delay_high,45,0.15625,1.567236,test_ood_template,62.840521800000005,4.0
18.81904725,1,0.005952380952380952,141,0.8392857142857143,93,0.5535714285714286,59.62073595000001,168,clpd_cfg020,commitment_lattice_primal_dual,network_delay_high,26,0.15476190476190477,12.542672999999999,train,41.51650419999999,0.5
14.54128281,0,0.0,41,0.8541666666666666,36,0.75,17.12844815,48,clpd_cfg020,commitment_lattice_primal_dual,network_delay_high,7,0.14583333333333334,0.960839,validation,9.9080918,1.0
41.88016662,157,0.2725694444444444,409,0.7100694444444444,360,0.625,134.98574000000002,576,clpd_cfg020,commitment_lattice_primal_dual,verifier_scarce,10,0.017361111111111112,5.8188275,test_ood_network,101.75159774999997,1.75
7.321525,0,0.0,69,0.9583333333333334,51,0.7083333333333334,21.96260000000001,72,clpd_cfg021,commitment_lattice_primal_dual,feasible,3,0.041666666666666664,0.8747500000000001,test_id,21.195565,2.5
7.879075,0,0.0,273,0.9479166666666666,207,0.71875,100.18712,288,clpd_cfg021,commitment_lattice_primal_dual,feasible,15,0.052083333333333336,2.3247600000000004,test_ood_template,70.348005,2.5
3.279325,0,0.0,160,0.9523809523809523,114,0.6785714285714286,63.63589999999999,168,clpd_cfg021,commitment_lattice_primal_dual,feasible,8,0.047619047619047616,9.957390000000002,train,47.565874999999984,0.5
2.2341,0,0.0,46,0.9583333333333334,39,0.8125,22.826919999999998,48,clpd_cfg021,commitment_lattice_primal_dual,feasible,2,0.041666666666666664,4.02349,validation,11.06683,1.0
9.07731821,0,0.0,69,0.9583333333333334,53,0.7361111111111112,26.959091499999992,72,clpd_cfg021,commitment_lattice_primal_dual,high_fanout_feasible,3,0.041666666666666664,1.0934375,test_id,21.540324599999998,2.5
5.20817335,0,0.0,273,0.9479166666666666,228,0.7916666666666666,106.22190889999996,288,clpd_cfg021,commitment_lattice_primal_dual,high_fanout_feasible,15,0.052083333333333336,1.78095,test_ood_template,69.9729678,1.75
8.21876029,0,0.0,159,0.9464285714285714,128,0.7619047619047619,57.32314525,168,clpd_cfg021,commitment_lattice_primal_dual,high_fanout_feasible,9,0.05357142857142857,3.8129250000000003,train,45.981702000000006,0.5
2.90742475,0,0.0,45,0.9375,41,0.8541666666666666,19.052322099999998,48,clpd_cfg021,commitment_lattice_primal_dual,high_fanout_feasible,3,0.0625,1.0918625,validation,11.855295000000002,1.0
7.76575853,0,0.0,67,0.9305555555555556,52,0.7222222222222222,21.863687750000004,72,clpd_cfg021,commitment_lattice_primal_dual,network_delay_high,5,0.06944444444444445,0.962225,test_id,18.349165399999997,2.5
8.35713788,0,0.0,258,0.8958333333333334,213,0.7395833333333334,89.66281180000003,288,clpd_cfg021,commitment_lattice_primal_dual,network_delay_high,30,0.10416666666666667,1.567236,test_ood_template,60.003200400000004,2.5
6.36096859,0,0.0,157,0.9345238095238095,127,0.7559523809523809,49.072854600000014,168,clpd_cfg021,commitment_lattice_primal_dual,network_delay_high,11,0.06547619047619048,3.3553739999999994,train,39.0980588,0.5
2.36965402,0,0.0,43,0.8958333333333334,39,0.8125,16.225445250000003,48,clpd_cfg021,commitment_lattice_primal_dual,network_delay_high,5,0.10416666666666667,0.960839,validation,10.023308,1.0
39.42718912,127,0.2204861111111111,435,0.7552083333333334,396,0.6875,135.78828000000001,576,clpd_cfg021,commitment_lattice_primal_dual,verifier_scarce,14,0.024305555555555556,5.4508275,test_ood_network,105.08014124999998,1.0
7.321525,0,0.0,72,1.0,50,0.6944444444444444,23.608600000000003,72,clpd_cfg022,commitment_lattice_primal_dual,feasible,0,0.0,0.8747500000000001,test_id,21.742659999999997,2.5
10.9117,0,0.0,288,1.0,216,0.75,96.86972,288,clpd_cfg022,commitment_lattice_primal_dual,feasible,0,0.0,2.3247600000000004,test_ood_template,72.107075,3.25
5.346175,0,0.0,168,1.0,121,0.7202380952380952,56.447499999999984,168,clpd_cfg022,commitment_lattice_primal_dual,feasible,0,0.0,7.94949,train,48.827919999999985,0.5
3.901875,0,0.0,48,1.0,41,0.8541666666666666,19.2606,48,clpd_cfg022,commitment_lattice_primal_dual,feasible,0,0.0,0.8734899999999999,validation,11.42413,1.75
9.07731821,0,0.0,72,1.0,56,0.7777777777777778,27.83945449999999,72,clpd_cfg022,commitment_lattice_primal_dual,high_fanout_feasible,0,0.0,1.0934375,test_id,20.680866,2.5
9.76857567,0,0.0,288,1.0,241,0.8368055555555556,106.52102609999994,288,clpd_cfg022,commitment_lattice_primal_dual,high_fanout_feasible,0,0.0,1.78095,test_ood_template,71.1096948,2.5
11.7694903,0,0.0,168,1.0,135,0.8035714285714286,61.14175045000002,168,clpd_cfg022,commitment_lattice_primal_dual,high_fanout_feasible,0,0.0,5.481412499999999,train,47.369005200000004,0.5
6.45815476,0,0.0,48,1.0,45,0.9375,15.848743500000001,48,clpd_cfg022,commitment_lattice_primal_dual,high_fanout_feasible,0,0.0,1.0918625,validation,11.952176400000003,1.0
7.76575853,0,0.0,72,1.0,56,0.7777777777777778,23.1632095,72,clpd_cfg022,commitment_lattice_primal_dual,network_delay_high,0,0.0,0.962225,test_id,18.515538199999995,2.5
8.35713788,0,0.0,288,1.0,242,0.8402777777777778,91.58429790000004,288,clpd_cfg022,commitment_lattice_primal_dual,network_delay_high,0,0.0,1.567236,test_ood_template,61.34885680000001,2.5
10.04045017,0,0.0,168,1.0,137,0.8154761904761905,49.47977215000002,168,clpd_cfg022,commitment_lattice_primal_dual,network_delay_high,0,0.0,3.3553739999999994,train,40.362097399999996,0.5
5.76268572,0,0.0,48,1.0,45,0.9375,13.589248500000002,48,clpd_cfg022,commitment_lattice_primal_dual,network_delay_high,0,0.0,0.960839,validation,10.1814836,1.0
50.14163431,91,0.1579861111111111,485,0.8420138888888888,451,0.7829861111111112,131.34140000000005,576,clpd_cfg022,commitment_lattice_primal_dual,verifier_scarce,0,0.0,5.623201,test_ood_network,106.9442835,1.0
7.321525,0,0.0,63,0.875,47,0.6527777777777778,20.61638,72,clpd_cfg023,commitment_lattice_primal_dual,feasible,9,0.125,0.8747500000000001,test_id,20.387985,2.5
7.879075,0,0.0,238,0.8263888888888888,186,0.6458333333333334,88.47271999999997,288,clpd_cfg023,commitment_lattice_primal_dual,feasible,50,0.1736111111111111,1.42476,test_ood_template,65.55416500000001,2.5
3.279325,0,0.0,141,0.8392857142857143,102,0.6071428571428571,50.95821999999998,168,clpd_cfg023,commitment_lattice_primal_dual,feasible,27,0.16071428571428573,7.94949,train,45.437694999999984,0.5
2.2341,0,0.0,42,0.875,38,0.7916666666666666,15.35142,48,clpd_cfg023,commitment_lattice_primal_dual,feasible,6,0.125,0.8734899999999999,validation,10.894899999999998,1.0
5.94871336,0,0.0,63,0.875,52,0.7222222222222222,24.01046465,72,clpd_cfg023,commitment_lattice_primal_dual,high_fanout_feasible,9,0.125,1.0934375,test_id,19.740801600000005,1.75
5.20817335,0,0.0,241,0.8368055555555556,205,0.7118055555555556,97.42795159999997,288,clpd_cfg023,commitment_lattice_primal_dual,high_fanout_feasible,47,0.16319444444444445,1.78095,test_ood_template,66.54422700000002,1.75
7.50881266,0,0.0,143,0.8511904761904762,117,0.6964285714285714,53.978747850000005,168,clpd_cfg023,commitment_lattice_primal_dual,high_fanout_feasible,25,0.1488095238095238,3.8129250000000003,train,44.372264400000006,0.5
2.76986511,0,0.0,42,0.875,40,0.8333333333333334,15.513316849999999,48,clpd_cfg023,commitment_lattice_primal_dual,high_fanout_feasible,6,0.125,1.0918625,validation,11.446023600000004,1.0
5.0891982,0,0.0,59,0.8194444444444444,47,0.6527777777777778,21.589111550000005,72,clpd_cfg023,commitment_lattice_primal_dual,network_delay_high,13,0.18055555555555555,0.962225,test_id,16.590359999999997,1.75
4.45565702,0,0.0,228,0.7916666666666666,193,0.6701388888888888,82.315604,288,clpd_cfg023,commitment_lattice_primal_dual,network_delay_high,60,0.20833333333333334,1.567236,test_ood_template,56.385189999999994,1.75
7.0743786,0,0.0,132,0.7857142857142857,106,0.6309523809523809,44.27385455000001,168,clpd_cfg023,commitment_lattice_primal_dual,network_delay_high,36,0.21428571428571427,3.0033739999999995,train,37.002680600000005,0.5
2.79661415,0,0.0,40,0.8333333333333334,39,0.8125,12.36933785,48,clpd_cfg023,commitment_lattice_primal_dual,network_delay_high,8,0.16666666666666666,0.960839,validation,9.6351002,1.0
33.593162,108,0.1875,415,0.7204861111111112,378,0.65625,130.05108000000004,576,clpd_cfg023,commitment_lattice_primal_dual,verifier_scarce,53,0.0920138888888889,6.1771215,test_ood_network,106.69854699999999,1.0
